{"cameraMode":{"drawMode":0,"name":"Shaded","section":"Shading Mode"},"sceneLighting":true,"audioPlay":false,"sceneViewState":{"showFog":false,"showMaterialUpdate":false,"showSkybox":false,"showFlares":false,"showImageEffects":false,"showParticleSystems":false},"in2DMode":false,"pivot":{"x":407.9227294921875,"y":-26.789628982543947,"z":-28.29470443725586},"rotation":{"x":-0.08550752699375153,"y":-0.7487150430679321,"z":0.09850078821182251,"w":-0.6499396562576294},"size":192.5750732421875,"orthographic":false}